url,doc_id,title,audience,department,category,language,document_version,license_or_permission
https://registrar.vinuni.edu.vn/vi/hoc-thuat-dich-vu/chinh-sach-quy-dinh/,chinh-sach-quy-dinh,Chính sách và quy định,student,registrar,policy,vi,not-stated,public-source
https://registrar.vinuni.edu.vn/vi/hoc-thuat-dich-vu/yeu-cau-cap-bang-diem-va-chung-nhan/,cap-bang-diem-chung-nhan,Yêu cầu cấp bảng điểm và chứng nhận,student,registrar,transcript,vi,not-stated,public-source
https://registrar.vinuni.edu.vn/vi/hoc-thuat-dich-vu/thoi-khoa-bieu-dang-ky-hoc-phan/,thoi-khoa-bieu-dang-ky-hoc-phan,Thời khóa biểu và đăng ký học phần,student,registrar,registration,vi,not-stated,public-source
https://registrar.vinuni.edu.vn/vi/hoc-thuat-dich-vu/chuyen-doi-tin-chi/,chuyen-doi-tin-chi,Chuyển đổi tín chỉ,student,registrar,credit-transfer,vi,not-stated,public-source
https://registrar.vinuni.edu.vn/vi/hoc-thuat-dich-vu/ky-thi-diem/,ky-thi-diem,Kỳ thi và điểm số,student,registrar,exam-grades,vi,not-stated,public-source
https://registrar.vinuni.edu.vn/vi/hoc-thuat-dich-vu/chuyen-nganh/,chuyen-nganh,Chuyên ngành,student,registrar,major,vi,not-stated,public-source
https://registrar.vinuni.edu.vn/vi/hoc-thuat-dich-vu/tam-nghi-hoc-thoi-hoc-hoc-lai/,tam-nghi-thoi-hoc-hoc-lai,"Tạm nghỉ học, thôi học, học lại",student,registrar,leave-of-absence,vi,not-stated,public-source
https://registrar.vinuni.edu.vn/vi/hoc-thuat-dich-vu/tot-nghiep/,tot-nghiep,Tốt nghiệp,student,registrar,graduation,vi,not-stated,public-source
https://registrar.vinuni.edu.vn/vi/hoc-thuat-dich-vu/bieu-mau-don-tu/,bieu-mau-don-tu,Biểu mẫu đơn từ,student,registrar,forms,vi,not-stated,public-source
